{
  "Buy & Hold": {
    "final_equity": 2338253.302675139,
    "cagr": 0.4320390934594116,
    "max_drawdown": -0.8158728565085879,
    "sharpe": 0.8975063311807805,
    "recovery_days": 486,
    "cash_utilisation": 0.0
  },
  "200MA Strategy": {
    "final_equity": 1213357.1610934555,
    "cagr": 0.37150824938010873,
    "max_drawdown": -0.4977549491537898,
    "sharpe": 0.9559967477597217,
    "recovery_days": 73,
    "cash_utilisation": 0.23141361256544501
  },
  "VR Strategy": {
    "final_equity": 738665.158967482,
    "cagr": 0.3274200704371606,
    "max_drawdown": -0.769384236381559,
    "sharpe": 0.8281905407115634,
    "recovery_days": 383,
    "cash_utilisation": 0.9670157068062827
  }
}