{
  "Buy & Hold": {
    "final_equity": 2338253.302675139,
    "cagr": 0.4320390934594116,
    "max_drawdown": -0.8158728565085879,
    "sharpe": 0.8975063311807805,
    "recovery_days": 486,
    "cash_utilisation": 0.0
  },
  "200MA Strategy": {
    "final_equity": 1213357.1610934555,
    "cagr": 0.37150824938010873,
    "max_drawdown": -0.4977549491537898,
    "sharpe": 0.9559967477597217,
    "recovery_days": 73,
    "cash_utilisation": 0.23141361256544501
  },
  "MA200+BottomBuy": {
    "final_equity": 2155582.1875228845,
    "cagr": 0.42439073244335157,
    "max_drawdown": -0.5723566476736583,
    "sharpe": 1.0080500610081071,
    "recovery_days": 76,
    "cash_utilisation": 0.23115183246073298
  },
  "VR_v2_speedA_sell10": {
    "final_equity": 2044063.2939999271,
    "cagr": 0.41941803941758393,
    "max_drawdown": -0.6753210086102563,
    "sharpe": 0.9468581148812449,
    "recovery_days": 245,
    "cash_utilisation": 0.2031413612565445
  },
  "VR_v2_speedA_sell20": {
    "final_equity": 1923254.3900820892,
    "cagr": 0.41373658243839073,
    "max_drawdown": -0.6506397484616354,
    "sharpe": 0.9534083594009684,
    "recovery_days": 231,
    "cash_utilisation": 0.2031413612565445
  },
  "VR_v3_hybrid": {
    "final_equity": 1906851.1485203877,
    "cagr": 0.4129395951141286,
    "max_drawdown": -0.6478968181704925,
    "sharpe": 0.9542853631111985,
    "recovery_days": 304,
    "cash_utilisation": 0.24450261780104712
  }
}