{
  "Buy & Hold": {
    "final_equity": 2338253.302675139,
    "cagr": 0.4320390934594116,
    "max_drawdown": -0.8158728565085879,
    "sharpe": 0.8975063311807805,
    "recovery_days": 486,
    "cash_utilisation": 0.0
  },
  "200MA Strategy": {
    "final_equity": 1213357.1610934555,
    "cagr": 0.37150824938010873,
    "max_drawdown": -0.4977549491537898,
    "sharpe": 0.9559967477597217,
    "recovery_days": 73,
    "cash_utilisation": 0.23141361256544501
  },
  "MA200+BottomBuy": {
    "final_equity": 2155582.1875228845,
    "cagr": 0.42439073244335157,
    "max_drawdown": -0.5723566476736583,
    "sharpe": 1.0080500610081071,
    "recovery_days": 76,
    "cash_utilisation": 0.23115183246073298
  },
  "AdaptiveMA_50": {
    "final_equity": 2401126.42261417,
    "cagr": 0.4345428206323141,
    "max_drawdown": -0.51040279503591,
    "sharpe": 1.0293597834940575,
    "recovery_days": 134,
    "cash_utilisation": 0.2361256544502618
  },
  "AdaptiveMA_70": {
    "final_equity": 2219092.2962827,
    "cagr": 0.42711629223039127,
    "max_drawdown": -0.5105513928828018,
    "sharpe": 1.018522195931991,
    "recovery_days": 134,
    "cash_utilisation": 0.2361256544502618
  },
  "AdaptiveMA_100": {
    "final_equity": 1967176.6393221754,
    "cagr": 0.4158397816760129,
    "max_drawdown": -0.5107342443849145,
    "sharpe": 1.00122272480816,
    "recovery_days": 134,
    "cash_utilisation": 0.2361256544502618
  }
}