{
  "Buy & Hold": {
    "final_equity": 2338253.302675139,
    "cagr": 0.4320390934594116,
    "max_drawdown": -0.8158728565085879,
    "sharpe": 0.8975063311807805,
    "recovery_days": 486,
    "cash_utilisation": 0.0
  },
  "200MA Strategy": {
    "final_equity": 1213357.1610934555,
    "cagr": 0.37150824938010873,
    "max_drawdown": -0.4977549491537898,
    "sharpe": 0.9559967477597217,
    "recovery_days": 73,
    "cash_utilisation": 0.23141361256544501
  },
  "MA200+BottomBuy": {
    "final_equity": 2155582.1875228845,
    "cagr": 0.42439073244335157,
    "max_drawdown": -0.5723566476736583,
    "sharpe": 1.0080500610081071,
    "recovery_days": 76,
    "cash_utilisation": 0.23115183246073298
  },
  "AdaptiveMA_MA120_4d15p_50pct": {
    "final_equity": 2401126.42261417,
    "cagr": 0.4345428206323141,
    "max_drawdown": -0.51040279503591,
    "sharpe": 1.0293597834940575,
    "recovery_days": 134,
    "cash_utilisation": 0.2361256544502618
  },
  "AdaptiveMA_MA150_4d12p_50pct": {
    "final_equity": 2628421.2464675317,
    "cagr": 0.44311018913922884,
    "max_drawdown": -0.5169776729163,
    "sharpe": 1.041468233634534,
    "recovery_days": 136,
    "cash_utilisation": 0.2356020942408377
  },
  "AdaptiveMA_MA120_3d12p_50pct": {
    "final_equity": 2231672.9580564834,
    "cagr": 0.42764753606988704,
    "max_drawdown": -0.5102549409554054,
    "sharpe": 1.0190438050523705,
    "recovery_days": 134,
    "cash_utilisation": 0.2369109947643979
  },
  "AdaptiveMA_MA150_3d10p_50pct": {
    "final_equity": 2509465.1526455027,
    "cagr": 0.4387167850083191,
    "max_drawdown": -0.5168549961392177,
    "sharpe": 1.0350240253205203,
    "recovery_days": 136,
    "cash_utilisation": 0.2356020942408377
  }
}